Unique class pairs,104
,,,,,,
,,,,,,
neuron 1,neuron 2,weight,link
ADA, ADF, 1, N2U
ADAR, ADFR, , https://catmaid.nemanode.org/?pid=130&zp=13200.0&yp=31133.8&xp=25308.4&tool=tracingtool&sid0=100&s0=0, 
,,,,,,
ADA, ASH, 2, N2U
ADAL, ASHL, , https://catmaid.nemanode.org/?pid=130&zp=8050.0&yp=16864.0&xp=32659.8&tool=tracingtool&sid0=100&s0=0, 
ADAR, ASHR, , https://catmaid.nemanode.org/?pid=130&zp=9500.0&yp=22440.1&xp=18945.4&tool=tracingtool&sid0=100&s0=0, 
,,,,,,
ADA, AVD, 7, JSH
ADAL, AVDR, , https://catmaid.nemanode.org/?pid=130&zp=7450.0&yp=12174.1&xp=26045.4&tool=tracingtool&sid0=100&s0=0, 
ADAL, AVDL, , https://catmaid.nemanode.org/?pid=130&zp=7600.0&yp=14829.3&xp=29914.4&tool=tracingtool&sid0=100&s0=0, 
ADAL, AVDR, , https://catmaid.nemanode.org/?pid=130&zp=8300.0&yp=24138.9&xp=32605.5&tool=tracingtool&sid0=100&s0=0, 
ADAL, AVDR, , https://catmaid.nemanode.org/?pid=130&zp=18000.0&yp=32263.8&xp=28740.6&tool=tracingtool&sid0=100&s0=0, 
ADAR, AVDR, , https://catmaid.nemanode.org/?pid=130&zp=8100.0&yp=16145.0&xp=19374.3&tool=tracingtool&sid0=100&s0=0, 
ADAR, AVDL, , https://catmaid.nemanode.org/?pid=130&zp=7250.0&yp=19544.1&xp=17492.4&tool=tracingtool&sid0=100&s0=0, 
ADAR, AVDL, , https://catmaid.nemanode.org/?pid=130&zp=20700.0&yp=33772.9&xp=25300.9&tool=tracingtool&sid0=100&s0=0, 
,,,,,,
ADA, PVQ, 1, N2U
ADAL, PVQL, , https://catmaid.nemanode.org/?pid=130&zp=9350.0&yp=23995.7&xp=33688.1&tool=tracingtool&sid0=100&s0=0, 
,,,,,,
ADE, AIN, 1, N2U
ADER, AINR, , https://catmaid.nemanode.org/?pid=130&zp=13100.0&yp=14962.0&xp=14704.9&tool=tracingtool&sid0=100&s0=0, 
,,,,,,
ADF, ADF, 1, JSH
ADFL, ADFR, , https://catmaid.nemanode.org/?pid=130&zp=9000.0&yp=12251.8&xp=27195.3&tool=tracingtool&sid0=100&s0=0, 
,,,,,,
ADF, AIA, 2, N2U
ADFR, AIAR, , https://catmaid.nemanode.org/?pid=130&zp=8650.0&yp=16537.8&xp=17282.2&tool=tracingtool&sid0=100&s0=0, 
ADFR, AIAR, , https://catmaid.nemanode.org/?pid=130&zp=18100.0&yp=34039.2&xp=25361.8&tool=tracingtool&sid0=100&s0=0, 
,,,,,,
ADL, ADL, 1, N2U
ADLL, ADLR, , https://catmaid.nemanode.org/?pid=130&zp=11350.0&yp=12583.5&xp=25711.6&tool=tracingtool&sid0=100&s0=0, 
,,,,,,
AFD, AIB, 1, N2U
AFDR, AIBR, , https://catmaid.nemanode.org/?pid=130&zp=12900.0&yp=32546.1&xp=25057.1&tool=tracingtool&sid0=100&s0=0, 
,,,,,,
AIA, AIA, 1, N2U
AIAL, AIAR, , https://catmaid.nemanode.org/?pid=130&zp=10150.0&yp=12395.5&xp=24945.7&tool=tracingtool&sid0=100&s0=0, 
,,,,,,
AIA, AIN, 1, JSH
AIAL, AINL, , https://catmaid.nemanode.org/?pid=130&zp=14100.0&yp=32719.4&xp=29612.3&tool=tracingtool&sid0=100&s0=0, 
,,,,,,
AIA, ASI, 3, N2U
AIAL, ASIL, , https://catmaid.nemanode.org/?pid=130&zp=13750.0&yp=32443.2&xp=29549.4&tool=tracingtool&sid0=100&s0=0, 
AIAR, ASIR, , https://catmaid.nemanode.org/?pid=130&zp=10200.0&yp=22837.2&xp=17370.8&tool=tracingtool&sid0=100&s0=0, 
AIAL, ASIL, , https://catmaid.nemanode.org/?pid=130&zp=10300.0&yp=21532.6&xp=35315.1&tool=tracingtool&sid0=100&s0=0, 
,,,,,,
AIA, AWA, 7, N2U
AIAL, AWAL, , https://catmaid.nemanode.org/?pid=130&zp=12450.0&yp=31368.7&xp=29839.6&tool=tracingtool&sid0=100&s0=0, 
AIAL, AWAL, , https://catmaid.nemanode.org/?pid=130&zp=9450.0&yp=19385.6&xp=33984.6&tool=tracingtool&sid0=100&s0=0, 
AIAR, AWAR, , https://catmaid.nemanode.org/?pid=130&zp=9200.0&yp=20933.7&xp=17276.7&tool=tracingtool&sid0=100&s0=0, 
AIAR, AWAR, , https://catmaid.nemanode.org/?pid=130&zp=8900.0&yp=15247.6&xp=18199.9&tool=tracingtool&sid0=100&s0=0, 
AIAR, AWAR, , https://catmaid.nemanode.org/?pid=130&zp=9250.0&yp=20870.9&xp=17275.0&tool=tracingtool&sid0=100&s0=0, 
AIAR, AWAR, , https://catmaid.nemanode.org/?pid=130&zp=9500.0&yp=20016.8&xp=16969.2&tool=tracingtool&sid0=100&s0=0, 
AIAR, AWAR, , https://catmaid.nemanode.org/?pid=130&zp=16150.0&yp=32918.0&xp=24910.9&tool=tracingtool&sid0=100&s0=0, 
,,,,,,
AIB, FLP, 1, JSH
AIBL, FLPR, , https://catmaid.nemanode.org/?pid=130&zp=14450.0&yp=30187.4&xp=25571.2&tool=tracingtool&sid0=100&s0=0, 
,,,,,,
AIB, PVT, 1, N2U
AIBR, PVT, , https://catmaid.nemanode.org/?pid=130&zp=10500.0&yp=29756.6&xp=27054.9&tool=tracingtool&sid0=100&s0=0, 
,,,,,,
AIB, RIG, 1, N2U
AIBR, RIGL, , https://catmaid.nemanode.org/?pid=130&zp=6500.0&yp=14413.3&xp=31829.6&tool=tracingtool&sid0=100&s0=0, 
,,,,,,
AIB, RIM, 1, N2U
AIBR, RIMR, , https://catmaid.nemanode.org/?pid=130&zp=10350.0&yp=28994.7&xp=27969.0&tool=tracingtool&sid0=100&s0=0, 
,,,,,,
AIB, RIV, 4, N2U
AIBR, RIVL, , https://catmaid.nemanode.org/?pid=130&zp=10700.0&yp=29138.2&xp=26702.7&tool=tracingtool&sid0=100&s0=0, 
AIBR, RIVR, , https://catmaid.nemanode.org/?pid=130&zp=10750.0&yp=29005.2&xp=27566.2&tool=tracingtool&sid0=100&s0=0, 
AIBR, RIVR, , https://catmaid.nemanode.org/?pid=130&zp=9900.0&yp=29148.3&xp=28313.5&tool=tracingtool&sid0=100&s0=0, 
AIBR, RIVR, , https://catmaid.nemanode.org/?pid=130&zp=9750.0&yp=29183.2&xp=28496.8&tool=tracingtool&sid0=100&s0=0, 
,,,,,,
AIB, RME, 2, JSH
AIBL, RMEV, , https://catmaid.nemanode.org/?pid=130&zp=10150.0&yp=29811.2&xp=26668.3&tool=tracingtool&sid0=100&s0=0, 
AIBL, RMED, , https://catmaid.nemanode.org/?pid=130&zp=6250.0&yp=11361.7&xp=23789.9&tool=tracingtool&sid0=100&s0=0, 
,,,,,,
AIM, AIM, 1, JSH
AIML, AIMR, , https://catmaid.nemanode.org/?pid=130&zp=9850.0&yp=13950.5&xp=23212.1&tool=tracingtool&sid0=100&s0=0, 
,,,,,,
AIM, SIB, 3, JSH
AIML, SIBVR, , https://catmaid.nemanode.org/?pid=130&zp=18400.0&yp=32793.8&xp=28944.6&tool=tracingtool&sid0=100&s0=0, 
AIMR, SIBDL, , https://catmaid.nemanode.org/?pid=130&zp=8700.0&yp=17856.7&xp=17326.4&tool=tracingtool&sid0=100&s0=0, 
AIML, SIBDR, , https://catmaid.nemanode.org/?pid=130&zp=8800.0&yp=17317.3&xp=32717.6&tool=tracingtool&sid0=100&s0=0, 
,,,,,,
AIY, AIY, 1, N2U
AIYL, AIYR, , https://catmaid.nemanode.org/?pid=130&zp=9650.0&yp=11888.8&xp=25215.5&tool=tracingtool&sid0=100&s0=0, 
,,,,,,
AIZ, AIZ, 3, N2U
AIZL, AIZR, , https://catmaid.nemanode.org/?pid=130&zp=13400.0&yp=32306.2&xp=27220.8&tool=tracingtool&sid0=100&s0=0, 
AIZL, AIZR, , https://catmaid.nemanode.org/?pid=130&zp=14900.0&yp=32296.8&xp=27422.2&tool=tracingtool&sid0=100&s0=0, 
AIZL, AIZR, , https://catmaid.nemanode.org/?pid=130&zp=8050.0&yp=12164.5&xp=24571.8&tool=tracingtool&sid0=100&s0=0, 
,,,,,,
AIZ, ASG, 1, N2U
AIZR, ASGR, , https://catmaid.nemanode.org/?pid=130&zp=10700.0&yp=30515.8&xp=22665.3&tool=tracingtool&sid0=100&s0=0, 
,,,,,,
AIZ, ASH, 4, N2U
AIZL, ASHL, , https://catmaid.nemanode.org/?pid=130&zp=8800.0&yp=12456.0&xp=24251.2&tool=tracingtool&sid0=100&s0=0, 
AIZL, ASHL, , https://catmaid.nemanode.org/?pid=130&zp=8150.0&yp=25227.9&xp=33793.2&tool=tracingtool&sid0=100&s0=0, 
AIZR, ASHR, , https://catmaid.nemanode.org/?pid=130&zp=8650.0&yp=12454.7&xp=24019.3&tool=tracingtool&sid0=100&s0=0, 
AIZR, ASHR, , https://catmaid.nemanode.org/?pid=130&zp=8550.0&yp=22649.2&xp=18040.8&tool=tracingtool&sid0=100&s0=0, 
,,,,,,
AIZ, AWA, 1, N2U
AIZR, AWAR, , https://catmaid.nemanode.org/?pid=130&zp=8900.0&yp=22087.1&xp=17616.9&tool=tracingtool&sid0=100&s0=0, 
,,,,,,
ALA, PVQ, 1, JSH
ALA, PVQL, , https://catmaid.nemanode.org/?pid=130&zp=10700.0&yp=13535.3&xp=26712.6&tool=tracingtool&sid0=100&s0=0, 
,,,,,,
ALM, AVD, 1, JSH
ALMR, AVDR, , https://catmaid.nemanode.org/?pid=130&zp=9300.0&yp=16492.6&xp=19091.7&tool=tracingtool&sid0=100&s0=0, 
,,,,,,
ALM, AVM, 3, N2U
ALML, AVM, , https://catmaid.nemanode.org/?pid=130&zp=13700.0&yp=30392.9&xp=30407.4&tool=tracingtool&sid0=100&s0=0, 
ALML, AVM, , https://catmaid.nemanode.org/?pid=130&zp=14100.0&yp=30965.2&xp=29988.4&tool=tracingtool&sid0=100&s0=0, 
ALMR, AVM, , https://catmaid.nemanode.org/?pid=130&zp=12200.0&yp=28129.7&xp=23119.8&tool=tracingtool&sid0=100&s0=0, 
,,,,,,
ALM, PVR, 4, JSH
ALML, PVR, , https://catmaid.nemanode.org/?pid=130&zp=8900.0&yp=19942.9&xp=32217.2&tool=tracingtool&sid0=100&s0=0, 
ALML, PVR, , https://catmaid.nemanode.org/?pid=130&zp=9000.0&yp=19065.7&xp=32058.2&tool=tracingtool&sid0=100&s0=0, 
ALMR, PVR, , https://catmaid.nemanode.org/?pid=130&zp=8100.0&yp=17828.2&xp=18964.6&tool=tracingtool&sid0=100&s0=0, 
ALML, PVR, , https://catmaid.nemanode.org/?pid=130&zp=9400.0&yp=25688.2&xp=31647.4&tool=tracingtool&sid0=100&s0=0, 
,,,,,,
ALN, SMB, 4, N2U
ALNR, SMBDL, , https://catmaid.nemanode.org/?pid=130&zp=8100.0&yp=17647.9&xp=18317.9&tool=tracingtool&sid0=100&s0=0, 
ALNL, SMBDR, , https://catmaid.nemanode.org/?pid=130&zp=10950.0&yp=17038.5&xp=33526.2&tool=tracingtool&sid0=100&s0=0, 
ALNL, SMBDR, , https://catmaid.nemanode.org/?pid=130&zp=12100.0&yp=16475.3&xp=34017.9&tool=tracingtool&sid0=100&s0=0, 
ALNR, SMBDL, , https://catmaid.nemanode.org/?pid=130&zp=12350.0&yp=14823.8&xp=15342.8&tool=tracingtool&sid0=100&s0=0, 
,,,,,,
AQR, AVK, 2, N2U
AQR, AVKR, , https://catmaid.nemanode.org/?pid=130&zp=15750.0&yp=30689.7&xp=27652.7&tool=tracingtool&sid0=100&s0=0, 
AQR, AVKL, , https://catmaid.nemanode.org/?pid=130&zp=15700.0&yp=30712.8&xp=27371.2&tool=tracingtool&sid0=100&s0=0, 
,,,,,,
AQR, PVP, 2, N2U
AQR, PVPL, , https://catmaid.nemanode.org/?pid=130&zp=15700.0&yp=30506.1&xp=28097.2&tool=tracingtool&sid0=100&s0=0, 
AQR, PVPL, , https://catmaid.nemanode.org/?pid=130&zp=13250.0&yp=29928.3&xp=28974.4&tool=tracingtool&sid0=100&s0=0, 
,,,,,,
AQR, RIG, 3, N2U
AQR, RIGL, , https://catmaid.nemanode.org/?pid=130&zp=16150.0&yp=30896.4&xp=26926.7&tool=tracingtool&sid0=100&s0=0, 
AQR, RIGR, , https://catmaid.nemanode.org/?pid=130&zp=7100.0&yp=23247.1&xp=17693.2&tool=tracingtool&sid0=100&s0=0, 
AQR, RIGL, , https://catmaid.nemanode.org/?pid=130&zp=7350.0&yp=22369.2&xp=34877.3&tool=tracingtool&sid0=100&s0=0, 
,,,,,,
ASH, ASH, 1, N2U
ASHL, ASHR, , https://catmaid.nemanode.org/?pid=130&zp=9400.0&yp=13007.2&xp=24023.2&tool=tracingtool&sid0=100&s0=0, 
,,,,,,
ASH, RMG, 2, N2U
ASHL, RMGL, , https://catmaid.nemanode.org/?pid=130&zp=8450.0&yp=19950.2&xp=34156.9&tool=tracingtool&sid0=100&s0=0, 
ASHR, RMGR, , https://catmaid.nemanode.org/?pid=130&zp=7950.0&yp=18889.9&xp=17250.8&tool=tracingtool&sid0=100&s0=0, 
,,,,,,
ASI, ASI, 1, N2U
ASIL, ASIR, , https://catmaid.nemanode.org/?pid=130&zp=10600.0&yp=11792.0&xp=24062.7&tool=tracingtool&sid0=100&s0=0, 
,,,,,,
ASK, ASK, 1, N2U
ASKL, ASKR, , https://catmaid.nemanode.org/?pid=130&zp=11150.0&yp=13031.0&xp=24818.2&tool=tracingtool&sid0=100&s0=0, 
,,,,,,
AUA, URX, 2, JSH
AUAL, URXL, , https://catmaid.nemanode.org/?pid=130&zp=7850.0&yp=13956.8&xp=32596.9&tool=tracingtool&sid0=100&s0=0, 
AUAR, URXR, , https://catmaid.nemanode.org/?pid=130&zp=7950.0&yp=13342.3&xp=18725.5&tool=tracingtool&sid0=100&s0=0, 
,,,,,,
AVA, AVA, 1, N2U
AVAL, AVAR, , https://catmaid.nemanode.org/?pid=130&zp=6300.0&yp=13613.0&xp=26980.8&tool=tracingtool&sid0=100&s0=0, 
,,,,,,
AVA, AVE, 2, JSH
AVAR, AVER, , https://catmaid.nemanode.org/?pid=130&zp=7300.0&yp=18478.5&xp=16614.9&tool=tracingtool&sid0=100&s0=0, 
AVAL, AVEL, , https://catmaid.nemanode.org/?pid=130&zp=13550.0&yp=29804.6&xp=25841.4&tool=tracingtool&sid0=100&s0=0, 
,,,,,,
AVA, RIM, 10, N2U
AVAL, RIMR, , https://catmaid.nemanode.org/?pid=130&zp=13300.0&yp=29420.3&xp=25512.9&tool=tracingtool&sid0=100&s0=0, 
AVAL, RIMR, , https://catmaid.nemanode.org/?pid=130&zp=7800.0&yp=27366.5&xp=22205.4&tool=tracingtool&sid0=100&s0=0, 
AVAL, RIMR, , https://catmaid.nemanode.org/?pid=130&zp=6850.0&yp=25606.8&xp=20135.7&tool=tracingtool&sid0=100&s0=0, 
AVAL, RIMR, , https://catmaid.nemanode.org/?pid=130&zp=6900.0&yp=13605.1&xp=20864.6&tool=tracingtool&sid0=100&s0=0, 
AVAR, RIML, , https://catmaid.nemanode.org/?pid=130&zp=12100.0&yp=29428.2&xp=27668.7&tool=tracingtool&sid0=100&s0=0, 
AVAR, RIML, , https://catmaid.nemanode.org/?pid=130&zp=11050.0&yp=28982.8&xp=27901.4&tool=tracingtool&sid0=100&s0=0, 
AVAR, RIML, , https://catmaid.nemanode.org/?pid=130&zp=6650.0&yp=25532.8&xp=32533.5&tool=tracingtool&sid0=100&s0=0, 
AVAR, RIML, , https://catmaid.nemanode.org/?pid=130&zp=6100.0&yp=23870.6&xp=33601.1&tool=tracingtool&sid0=100&s0=0, 
AVAR, RIML, , https://catmaid.nemanode.org/?pid=130&zp=6250.0&yp=17652.3&xp=33827.6&tool=tracingtool&sid0=100&s0=0, 
AVAR, RIML, , https://catmaid.nemanode.org/?pid=130&zp=10100.0&yp=28252.7&xp=28700.2&tool=tracingtool&sid0=100&s0=0, 
,,,,,,
AVA, URY, 5, N2U
AVAL, URYVR, , https://catmaid.nemanode.org/?pid=130&zp=8300.0&yp=28031.7&xp=22693.1&tool=tracingtool&sid0=100&s0=0, 
AVAL, URYDL, , https://catmaid.nemanode.org/?pid=130&zp=7300.0&yp=14985.7&xp=30584.8&tool=tracingtool&sid0=100&s0=0, 
AVAL, URYVL, , https://catmaid.nemanode.org/?pid=130&zp=8650.0&yp=25545.7&xp=32428.7&tool=tracingtool&sid0=100&s0=0, 
AVAL, URYDL, , https://catmaid.nemanode.org/?pid=130&zp=7650.0&yp=15028.1&xp=30330.3&tool=tracingtool&sid0=100&s0=0, 
AVAR, URYDR, , https://catmaid.nemanode.org/?pid=130&zp=7000.0&yp=14764.2&xp=20368.4&tool=tracingtool&sid0=100&s0=0, 
,,,,,,
AVB, AVB, 3, N2U
AVBL, AVBR, , https://catmaid.nemanode.org/?pid=130&zp=8000.0&yp=13564.0&xp=25392.3&tool=tracingtool&sid0=100&s0=0, 
AVBL, AVBR, , https://catmaid.nemanode.org/?pid=130&zp=16450.0&yp=31819.7&xp=28091.1&tool=tracingtool&sid0=100&s0=0, 
AVBL, AVBR, , https://catmaid.nemanode.org/?pid=130&zp=16650.0&yp=31867.4&xp=25377.1&tool=tracingtool&sid0=100&s0=0, 
,,,,,,
AVB, DVA, 3, N2U
AVBL, DVA, , https://catmaid.nemanode.org/?pid=130&zp=7050.0&yp=21345.4&xp=17112.2&tool=tracingtool&sid0=100&s0=0, 
AVBR, DVA, , https://catmaid.nemanode.org/?pid=130&zp=12450.0&yp=29297.6&xp=28761.1&tool=tracingtool&sid0=100&s0=0, 
AVBL, DVA, , https://catmaid.nemanode.org/?pid=130&zp=12000.0&yp=29132.8&xp=24182.6&tool=tracingtool&sid0=100&s0=0, 
,,,,,,
AVB, RIB, 2, N2U
AVBR, RIBL, , https://catmaid.nemanode.org/?pid=130&zp=7150.0&yp=20396.2&xp=35392.6&tool=tracingtool&sid0=100&s0=0, 
AVBL, RIBR, , https://catmaid.nemanode.org/?pid=130&zp=7050.0&yp=20632.5&xp=16309.2&tool=tracingtool&sid0=100&s0=0, 
,,,,,,
AVB, SIB, 2, N2U
AVBR, SIBVL, , https://catmaid.nemanode.org/?pid=130&zp=16700.0&yp=31614.5&xp=27733.6&tool=tracingtool&sid0=100&s0=0, 
AVBL, SIBVR, , https://catmaid.nemanode.org/?pid=130&zp=8750.0&yp=27290.9&xp=21756.5&tool=tracingtool&sid0=100&s0=0, 
,,,,,,
AVD, AVM, 4, JSH
AVDR, AVM, , https://catmaid.nemanode.org/?pid=130&zp=17700.0&yp=32235.9&xp=28381.4&tool=tracingtool&sid0=100&s0=0, 
AVDL, AVM, , https://catmaid.nemanode.org/?pid=130&zp=18300.0&yp=32519.5&xp=25461.2&tool=tracingtool&sid0=100&s0=0, 
AVDL, AVM, , https://catmaid.nemanode.org/?pid=130&zp=14100.0&yp=29770.2&xp=23720.2&tool=tracingtool&sid0=100&s0=0, 
AVDL, AVM, , https://catmaid.nemanode.org/?pid=130&zp=21450.0&yp=34131.6&xp=25538.9&tool=tracingtool&sid0=100&s0=0, 
,,,,,,
AVE, RIM, 9, N2U
AVEL, RIMR, , https://catmaid.nemanode.org/?pid=130&zp=13800.0&yp=30339.9&xp=25443.9&tool=tracingtool&sid0=100&s0=0, 
AVEL, RIMR, , https://catmaid.nemanode.org/?pid=130&zp=15900.0&yp=31631.0&xp=25573.8&tool=tracingtool&sid0=100&s0=0, 
AVEL, RIML, , https://catmaid.nemanode.org/?pid=130&zp=8350.0&yp=29298.3&xp=24931.8&tool=tracingtool&sid0=100&s0=0, 
AVEL, RIML, , https://catmaid.nemanode.org/?pid=130&zp=5950.0&yp=12065.4&xp=25135.8&tool=tracingtool&sid0=100&s0=0, 
AVEL, RIML, , https://catmaid.nemanode.org/?pid=130&zp=6600.0&yp=15976.8&xp=32653.8&tool=tracingtool&sid0=100&s0=0, 
AVER, RIML, , https://catmaid.nemanode.org/?pid=130&zp=16200.0&yp=31459.6&xp=28014.4&tool=tracingtool&sid0=100&s0=0, 
AVER, RIML, , https://catmaid.nemanode.org/?pid=130&zp=13600.0&yp=29844.3&xp=27775.9&tool=tracingtool&sid0=100&s0=0, 
AVER, RIMR, , https://catmaid.nemanode.org/?pid=130&zp=8300.0&yp=28874.4&xp=29153.8&tool=tracingtool&sid0=100&s0=0, 
AVER, RIMR, , https://catmaid.nemanode.org/?pid=130&zp=5300.0&yp=12338.4&xp=27264.3&tool=tracingtool&sid0=100&s0=0, 
,,,,,,
AVE, RIV, 4, JSH
AVEL, RIVL, , https://catmaid.nemanode.org/?pid=130&zp=8800.0&yp=29486.6&xp=24691.3&tool=tracingtool&sid0=100&s0=0, 
AVER, RIVR, , https://catmaid.nemanode.org/?pid=130&zp=9400.0&yp=29343.3&xp=28531.0&tool=tracingtool&sid0=100&s0=0, 
AVER, RIVR, , https://catmaid.nemanode.org/?pid=130&zp=8800.0&yp=29173.7&xp=28894.1&tool=tracingtool&sid0=100&s0=0, 
AVEL, RIVL, , https://catmaid.nemanode.org/?pid=130&zp=8900.0&yp=29446.7&xp=24705.2&tool=tracingtool&sid0=100&s0=0, 
,,,,,,
AVE, RMD, 4, N2U
AVEL, RMDDR, , https://catmaid.nemanode.org/?pid=130&zp=3500.0&yp=22633.6&xp=19239.6&tool=tracingtool&sid0=100&s0=0, 
AVEL, RMDVR, , https://catmaid.nemanode.org/?pid=130&zp=3500.0&yp=17932.5&xp=17866.8&tool=tracingtool&sid0=100&s0=0, 
AVER, RMDVL, , https://catmaid.nemanode.org/?pid=130&zp=3700.0&yp=18655.9&xp=33160.6&tool=tracingtool&sid0=100&s0=0, 
AVER, RMDVR, , https://catmaid.nemanode.org/?pid=130&zp=7200.0&yp=18053.0&xp=16961.2&tool=tracingtool&sid0=100&s0=0, 
,,,,,,
AVE, URY, 4, JSH
AVEL, URYVR, , https://catmaid.nemanode.org/?pid=130&zp=8100.0&yp=28935.0&xp=22798.6&tool=tracingtool&sid0=100&s0=0, 
AVEL, URYDR, , https://catmaid.nemanode.org/?pid=130&zp=4000.0&yp=13814.4&xp=19883.5&tool=tracingtool&sid0=100&s0=0, 
AVER, URYVL, , https://catmaid.nemanode.org/?pid=130&zp=7450.0&yp=28272.7&xp=31183.7&tool=tracingtool&sid0=100&s0=0, 
AVEL, URYVR, , https://catmaid.nemanode.org/?pid=130&zp=8150.0&yp=28901.8&xp=22785.2&tool=tracingtool&sid0=100&s0=0, 
,,,,,,
AVJ, RIS, 2, JSH
AVJR, RIS, , https://catmaid.nemanode.org/?pid=130&zp=17900.0&yp=33121.1&xp=26837.8&tool=tracingtool&sid0=100&s0=0, 
AVJR, RIS, , https://catmaid.nemanode.org/?pid=130&zp=18450.0&yp=33526.6&xp=26595.5&tool=tracingtool&sid0=100&s0=0, 
,,,,,,
AVK, PVP, 1, JSH
AVKR, PVPL, , https://catmaid.nemanode.org/?pid=130&zp=16050.0&yp=30901.6&xp=27954.9&tool=tracingtool&sid0=100&s0=0, 
,,,,,,
AVK, PVT, 8, JSH
AVKL, PVT, , https://catmaid.nemanode.org/?pid=130&zp=10450.0&yp=29800.3&xp=27348.9&tool=tracingtool&sid0=100&s0=0, 
AVKL, PVT, , https://catmaid.nemanode.org/?pid=130&zp=16000.0&yp=31148.1&xp=26060.1&tool=tracingtool&sid0=100&s0=0, 
AVKL, PVT, , https://catmaid.nemanode.org/?pid=130&zp=6200.0&yp=27273.8&xp=31678.3&tool=tracingtool&sid0=100&s0=0, 
AVKL, PVT, , https://catmaid.nemanode.org/?pid=130&zp=13450.0&yp=30885.8&xp=27122.8&tool=tracingtool&sid0=100&s0=0, 
AVKR, PVT, , https://catmaid.nemanode.org/?pid=130&zp=18250.0&yp=31645.0&xp=25572.5&tool=tracingtool&sid0=100&s0=0, 
AVKR, PVT, , https://catmaid.nemanode.org/?pid=130&zp=21300.0&yp=32627.8&xp=25275.0&tool=tracingtool&sid0=100&s0=0, 
AVKL, PVT, , https://catmaid.nemanode.org/?pid=130&zp=5100.0&yp=15974.2&xp=17405.9&tool=tracingtool&sid0=100&s0=0, 
AVKL, PVT, , https://catmaid.nemanode.org/?pid=130&zp=16050.0&yp=31149.2&xp=26076.8&tool=tracingtool&sid0=100&s0=0, 
,,,,,,
AVK, RIC, 6, JSH
AVKL, RICR, , https://catmaid.nemanode.org/?pid=130&zp=6600.0&yp=27464.1&xp=21946.6&tool=tracingtool&sid0=100&s0=0, 
AVKL, RICR, , https://catmaid.nemanode.org/?pid=130&zp=5400.0&yp=14097.6&xp=30911.6&tool=tracingtool&sid0=100&s0=0, 
AVKR, RICL, , https://catmaid.nemanode.org/?pid=130&zp=6200.0&yp=26592.9&xp=32219.5&tool=tracingtool&sid0=100&s0=0, 
AVKR, RICR, , https://catmaid.nemanode.org/?pid=130&zp=5650.0&yp=14142.4&xp=30868.9&tool=tracingtool&sid0=100&s0=0, 
AVKR, RICL, , https://catmaid.nemanode.org/?pid=130&zp=5650.0&yp=13917.3&xp=19540.1&tool=tracingtool&sid0=100&s0=0, 
AVKR, RICR, , https://catmaid.nemanode.org/?pid=130&zp=6500.0&yp=27429.8&xp=21973.2&tool=tracingtool&sid0=100&s0=0, 
,,,,,,
AVK, RIG, 5, N2U
AVKL, RIGL, , https://catmaid.nemanode.org/?pid=130&zp=13750.0&yp=31140.2&xp=27080.4&tool=tracingtool&sid0=100&s0=0, 
AVKL, RIGL, , https://catmaid.nemanode.org/?pid=130&zp=14400.0&yp=31253.7&xp=27114.3&tool=tracingtool&sid0=100&s0=0, 
AVKL, RIGR, , https://catmaid.nemanode.org/?pid=130&zp=6750.0&yp=11577.5&xp=25211.4&tool=tracingtool&sid0=100&s0=0, 
AVKR, RIGR, , https://catmaid.nemanode.org/?pid=130&zp=11350.0&yp=30766.5&xp=26526.5&tool=tracingtool&sid0=100&s0=0, 
AVKL, RIGL, , https://catmaid.nemanode.org/?pid=130&zp=6750.0&yp=11414.5&xp=25263.1&tool=tracingtool&sid0=100&s0=0, 
,,,,,,
AVK, SMB, 5, N2U
AVKL, SMBDR, , https://catmaid.nemanode.org/?pid=130&zp=12700.0&yp=30531.9&xp=26067.1&tool=tracingtool&sid0=100&s0=0, 
AVKL, SMBVR, , https://catmaid.nemanode.org/?pid=130&zp=11800.0&yp=30517.4&xp=25946.1&tool=tracingtool&sid0=100&s0=0, 
AVKL, SMBVL, , https://catmaid.nemanode.org/?pid=130&zp=11900.0&yp=30376.2&xp=27477.1&tool=tracingtool&sid0=100&s0=0, 
AVKR, SMBVR, , https://catmaid.nemanode.org/?pid=130&zp=11850.0&yp=30673.1&xp=26322.2&tool=tracingtool&sid0=100&s0=0, 
AVKR, SMBDR, , https://catmaid.nemanode.org/?pid=130&zp=19150.0&yp=31499.6&xp=25671.8&tool=tracingtool&sid0=100&s0=0, 
,,,,,,
AWA, AWA, 1, N2U
AWAL, AWAR, , https://catmaid.nemanode.org/?pid=130&zp=9600.0&yp=12688.1&xp=24273.7&tool=tracingtool&sid0=100&s0=0, 
,,,,,,
AWB, AWB, 1, N2U
AWBL, AWBR, , https://catmaid.nemanode.org/?pid=130&zp=9350.0&yp=12358.0&xp=25297.8&tool=tracingtool&sid0=100&s0=0, 
,,,,,,
AWB, RMG, 1, N2U
AWBR, RMGR, , https://catmaid.nemanode.org/?pid=130&zp=9000.0&yp=21432.2&xp=18307.3&tool=tracingtool&sid0=100&s0=0, 
,,,,,,
BAG, BAG, 1, N2U
BAGL, BAGR, , https://catmaid.nemanode.org/?pid=130&zp=8100.0&yp=16429.7&xp=16928.8&tool=tracingtool&sid0=100&s0=0, 
,,,,,,
BAG, RIG, 2, N2U
BAGL, RIGR, , https://catmaid.nemanode.org/?pid=130&zp=8150.0&yp=29928.8&xp=23214.7&tool=tracingtool&sid0=100&s0=0, 
BAGR, RIGL, , https://catmaid.nemanode.org/?pid=130&zp=6400.0&yp=25513.7&xp=34008.1&tool=tracingtool&sid0=100&s0=0, 
,,,,,,
BAG, RIR, 3, N2U
BAGR, RIR, , https://catmaid.nemanode.org/?pid=130&zp=7650.0&yp=29609.7&xp=31310.8&tool=tracingtool&sid0=100&s0=0, 
BAGL, RIR, , https://catmaid.nemanode.org/?pid=130&zp=7950.0&yp=29613.4&xp=22772.1&tool=tracingtool&sid0=100&s0=0, 
BAGR, RIR, , https://catmaid.nemanode.org/?pid=130&zp=8300.0&yp=16513.9&xp=33538.3&tool=tracingtool&sid0=100&s0=0, 
,,,,,,
CEP, OLQ, 4, N2U
CEPDR, OLQDR, , https://catmaid.nemanode.org/?pid=130&zp=6300.0&yp=16028.2&xp=20781.9&tool=tracingtool&sid0=100&s0=0, 
CEPVL, OLQVL, , https://catmaid.nemanode.org/?pid=130&zp=6850.0&yp=24628.7&xp=31333.4&tool=tracingtool&sid0=100&s0=0, 
CEPDL, OLQDL, , https://catmaid.nemanode.org/?pid=130&zp=6250.0&yp=16388.7&xp=30102.8&tool=tracingtool&sid0=100&s0=0, 
CEPVR, OLQVR, , https://catmaid.nemanode.org/?pid=130&zp=7250.0&yp=25087.2&xp=22440.1&tool=tracingtool&sid0=100&s0=0, 
,,,,,,
CEP, RIH, 3, N2U
CEPDL, RIH, , https://catmaid.nemanode.org/?pid=130&zp=2950.0&yp=14387.8&xp=31024.1&tool=tracingtool&sid0=100&s0=0, 
CEPDR, RIH, , https://catmaid.nemanode.org/?pid=130&zp=1700.0&yp=13669.8&xp=21992.9&tool=tracingtool&sid0=100&s0=0, 
CEPVR, RIH, , https://catmaid.nemanode.org/?pid=130&zp=7800.0&yp=30077.4&xp=22589.1&tool=tracingtool&sid0=100&s0=0, 
,,,,,,
IL1, IL1, 10, N2U
IL1DL, IL1DL, , https://catmaid.nemanode.org/?pid=130&zp=5100.0&yp=15744.8&xp=29238.0&tool=tracingtool&sid0=100&s0=0, 
IL1DR, IL1DR, , https://catmaid.nemanode.org/?pid=130&zp=5250.0&yp=15718.2&xp=21643.1&tool=tracingtool&sid0=100&s0=0, 
IL1L, IL1VL, , https://catmaid.nemanode.org/?pid=130&zp=3100.0&yp=23424.8&xp=32424.1&tool=tracingtool&sid0=100&s0=0, 
IL1DR, IL1R, , https://catmaid.nemanode.org/?pid=130&zp=2500.0&yp=16573.6&xp=19430.5&tool=tracingtool&sid0=100&s0=0, 
IL1R, IL1VR, , https://catmaid.nemanode.org/?pid=130&zp=2800.0&yp=22864.7&xp=19835.9&tool=tracingtool&sid0=100&s0=0, 
IL1VL, IL1VL, , https://catmaid.nemanode.org/?pid=130&zp=6550.0&yp=24905.8&xp=30406.7&tool=tracingtool&sid0=100&s0=0, 
IL1VL, IL1VR, , https://catmaid.nemanode.org/?pid=130&zp=6000.0&yp=28175.9&xp=27197.5&tool=tracingtool&sid0=100&s0=0, 
IL1VR, IL1VR, , https://catmaid.nemanode.org/?pid=130&zp=7050.0&yp=25504.2&xp=23211.5&tool=tracingtool&sid0=100&s0=0, 
IL1DR, IL1VR, , https://catmaid.nemanode.org/?pid=130&zp=2650.0&yp=19762.2&xp=18460.4&tool=tracingtool&sid0=100&s0=0, 
IL1R, IL1VR, , https://catmaid.nemanode.org/?pid=130&zp=2750.0&yp=19764.3&xp=18544.8&tool=tracingtool&sid0=100&s0=0, 
,,,,,,
IL1, OLL, 1, JSH
IL1DR, OLLR, , https://catmaid.nemanode.org/?pid=130&zp=3750.0&yp=12665.8&xp=23456.3&tool=tracingtool&sid0=100&s0=0, 
,,,,,,
IL1, RME, 3, JSH
IL1DL, RMEV, , https://catmaid.nemanode.org/?pid=130&zp=3600.0&yp=12934.8&xp=27151.8&tool=tracingtool&sid0=100&s0=0, 
IL1DR, RMEV, , https://catmaid.nemanode.org/?pid=130&zp=3550.0&yp=12776.8&xp=24134.1&tool=tracingtool&sid0=100&s0=0, 
IL1VL, RMED, , https://catmaid.nemanode.org/?pid=130&zp=5750.0&yp=27881.7&xp=27791.1&tool=tracingtool&sid0=100&s0=0, 
,,,,,,
IL2, RMG, 4, N2U
IL2R, RMGR, , https://catmaid.nemanode.org/?pid=130&zp=7950.0&yp=18975.9&xp=17571.6&tool=tracingtool&sid0=100&s0=0, 
IL2L, RMGL, , https://catmaid.nemanode.org/?pid=130&zp=9000.0&yp=18584.3&xp=33022.1&tool=tracingtool&sid0=100&s0=0, 
IL2L, RMGL, , https://catmaid.nemanode.org/?pid=130&zp=8100.0&yp=18998.3&xp=32974.5&tool=tracingtool&sid0=100&s0=0, 
IL2R, RMGR, , https://catmaid.nemanode.org/?pid=130&zp=8850.0&yp=18332.8&xp=17709.2&tool=tracingtool&sid0=100&s0=0, 
,,,,,,
IL2, URX, 4, N2U
IL2R, URXR, , https://catmaid.nemanode.org/?pid=130&zp=7950.0&yp=19131.9&xp=17872.8&tool=tracingtool&sid0=100&s0=0, 
IL2L, URXL, , https://catmaid.nemanode.org/?pid=130&zp=7250.0&yp=19820.7&xp=32845.4&tool=tracingtool&sid0=100&s0=0, 
IL2L, URXL, , https://catmaid.nemanode.org/?pid=130&zp=8100.0&yp=19295.1&xp=33040.8&tool=tracingtool&sid0=100&s0=0, 
IL2L, URXL, , https://catmaid.nemanode.org/?pid=130&zp=8150.0&yp=19271.2&xp=32569.1&tool=tracingtool&sid0=100&s0=0, 
,,,,,,
OLL, OLL, 2, N2U
OLLL, OLLR, , https://catmaid.nemanode.org/?pid=130&zp=6450.0&yp=28491.6&xp=26737.2&tool=tracingtool&sid0=100&s0=0, 
OLLL, OLLR, , https://catmaid.nemanode.org/?pid=130&zp=4050.0&yp=12490.8&xp=24058.0&tool=tracingtool&sid0=100&s0=0, 
,,,,,,
OLL, OLQ, 3, JSH
OLLL, OLQDL, , https://catmaid.nemanode.org/?pid=130&zp=3150.0&yp=15551.5&xp=31790.7&tool=tracingtool&sid0=100&s0=0, 
OLLR, OLQDR, , https://catmaid.nemanode.org/?pid=130&zp=3000.0&yp=15416.3&xp=19107.8&tool=tracingtool&sid0=100&s0=0, 
OLLR, OLQVR, , https://catmaid.nemanode.org/?pid=130&zp=3350.0&yp=25083.7&xp=21039.7&tool=tracingtool&sid0=100&s0=0, 
,,,,,,
OLL, RIG, 2, N2U
OLLL, RIGL, , https://catmaid.nemanode.org/?pid=130&zp=5200.0&yp=18265.2&xp=34753.4&tool=tracingtool&sid0=100&s0=0, 
OLLR, RIGR, , https://catmaid.nemanode.org/?pid=130&zp=5050.0&yp=17451.5&xp=16563.8&tool=tracingtool&sid0=100&s0=0, 
,,,,,,
OLQ, RIB, 2, N2U
OLQDR, RIBR, , https://catmaid.nemanode.org/?pid=130&zp=3050.0&yp=15246.5&xp=18797.0&tool=tracingtool&sid0=100&s0=0, 
OLQVR, RIBR, , https://catmaid.nemanode.org/?pid=130&zp=3450.0&yp=25637.4&xp=21095.5&tool=tracingtool&sid0=100&s0=0, 
,,,,,,
OLQ, RIG, 5, N2U
OLQVL, RIGL, , https://catmaid.nemanode.org/?pid=130&zp=6950.0&yp=25226.8&xp=35014.5&tool=tracingtool&sid0=100&s0=0, 
OLQDL, RIGL, , https://catmaid.nemanode.org/?pid=130&zp=6950.0&yp=12803.6&xp=30914.2&tool=tracingtool&sid0=100&s0=0, 
OLQDR, RIGR, , https://catmaid.nemanode.org/?pid=130&zp=7300.0&yp=12360.5&xp=20450.6&tool=tracingtool&sid0=100&s0=0, 
OLQVL, RIGL, , https://catmaid.nemanode.org/?pid=130&zp=5700.0&yp=24762.7&xp=34689.1&tool=tracingtool&sid0=100&s0=0, 
OLQVR, RIGR, , https://catmaid.nemanode.org/?pid=130&zp=5800.0&yp=24789.2&xp=18571.7&tool=tracingtool&sid0=100&s0=0, 
,,,,,,
OLQ, RIH, 1, N2U
OLQDR, RIH, , https://catmaid.nemanode.org/?pid=130&zp=2350.0&yp=17022.1&xp=19069.9&tool=tracingtool&sid0=100&s0=0, 
,,,,,,
OLQ, RMD, 9, N2U
OLQDR, RMDVR, , https://catmaid.nemanode.org/?pid=130&zp=4250.0&yp=14894.1&xp=21017.7&tool=tracingtool&sid0=100&s0=0, 
OLQDL, RMDVL, , https://catmaid.nemanode.org/?pid=130&zp=4200.0&yp=15220.0&xp=30022.4&tool=tracingtool&sid0=100&s0=0, 
OLQDL, RMDDR, , https://catmaid.nemanode.org/?pid=130&zp=5100.0&yp=16107.5&xp=29748.2&tool=tracingtool&sid0=100&s0=0, 
OLQDR, RMDDR, , https://catmaid.nemanode.org/?pid=130&zp=5750.0&yp=15364.8&xp=20771.2&tool=tracingtool&sid0=100&s0=0, 
OLQVL, RMDDL, , https://catmaid.nemanode.org/?pid=130&zp=5150.0&yp=25069.9&xp=30957.8&tool=tracingtool&sid0=100&s0=0, 
OLQVL, RMDVR, , https://catmaid.nemanode.org/?pid=130&zp=6200.0&yp=24547.8&xp=31004.7&tool=tracingtool&sid0=100&s0=0, 
OLQVR, RMDDR, , https://catmaid.nemanode.org/?pid=130&zp=5450.0&yp=25578.8&xp=22758.7&tool=tracingtool&sid0=100&s0=0, 
OLQVR, RMDVL, , https://catmaid.nemanode.org/?pid=130&zp=7800.0&yp=26034.7&xp=23352.4&tool=tracingtool&sid0=100&s0=0, 
OLQVL, RMDDL, , https://catmaid.nemanode.org/?pid=130&zp=5100.0&yp=25148.2&xp=30968.6&tool=tracingtool&sid0=100&s0=0, 
,,,,,,
OLQ, URB, 7, N2U
OLQVL, URBL, , https://catmaid.nemanode.org/?pid=130&zp=8150.0&yp=25082.2&xp=32407.2&tool=tracingtool&sid0=100&s0=0, 
OLQDR, URBR, , https://catmaid.nemanode.org/?pid=130&zp=6300.0&yp=16227.0&xp=20243.9&tool=tracingtool&sid0=100&s0=0, 
OLQDL, URBL, , https://catmaid.nemanode.org/?pid=130&zp=6600.0&yp=16987.7&xp=31641.6&tool=tracingtool&sid0=100&s0=0, 
OLQDL, URBL, , https://catmaid.nemanode.org/?pid=130&zp=6900.0&yp=16526.6&xp=30995.0&tool=tracingtool&sid0=100&s0=0, 
OLQDR, URBR, , https://catmaid.nemanode.org/?pid=130&zp=6500.0&yp=16685.0&xp=19160.0&tool=tracingtool&sid0=100&s0=0, 
OLQVL, URBL, , https://catmaid.nemanode.org/?pid=130&zp=7200.0&yp=24789.2&xp=31652.1&tool=tracingtool&sid0=100&s0=0, 
OLQVR, URBR, , https://catmaid.nemanode.org/?pid=130&zp=8550.0&yp=25949.8&xp=21020.3&tool=tracingtool&sid0=100&s0=0, 
,,,,,,
PVP, PVP, 1, JSH
PVPL, PVPR, , https://catmaid.nemanode.org/?pid=130&zp=8050.0&yp=12897.6&xp=24794.1&tool=tracingtool&sid0=100&s0=0, 
,,,,,,
PVT, RIB, 1, N2U
PVT, RIBL, , https://catmaid.nemanode.org/?pid=130&zp=5700.0&yp=14417.8&xp=32063.8&tool=tracingtool&sid0=100&s0=0, 
,,,,,,
RIB, RIB, 5, N2U
RIBL, RIBR, , https://catmaid.nemanode.org/?pid=130&zp=8450.0&yp=11406.8&xp=24713.9&tool=tracingtool&sid0=100&s0=0, 
RIBR, RIBR, , https://catmaid.nemanode.org/?pid=130&zp=3200.0&yp=22354.2&xp=18516.9&tool=tracingtool&sid0=100&s0=0, 
RIBL, RIBL, , https://catmaid.nemanode.org/?pid=130&zp=3900.0&yp=19042.8&xp=33793.4&tool=tracingtool&sid0=100&s0=0, 
RIBL, RIBR, , https://catmaid.nemanode.org/?pid=130&zp=7650.0&yp=28765.7&xp=26919.2&tool=tracingtool&sid0=100&s0=0, 
RIBL, RIBR, , https://catmaid.nemanode.org/?pid=130&zp=4850.0&yp=12288.0&xp=24783.3&tool=tracingtool&sid0=100&s0=0, 
,,,,,,
RIB, RIG, 3, N2U
RIBL, RIGL, , https://catmaid.nemanode.org/?pid=130&zp=6300.0&yp=14326.8&xp=32315.0&tool=tracingtool&sid0=100&s0=0, 
RIBL, RIGL, , https://catmaid.nemanode.org/?pid=130&zp=6950.0&yp=25126.1&xp=35001.2&tool=tracingtool&sid0=100&s0=0, 
RIBR, RIGR, , https://catmaid.nemanode.org/?pid=130&zp=6550.0&yp=13692.7&xp=18958.2&tool=tracingtool&sid0=100&s0=0, 
,,,,,,
RIB, SIA, 2, N2U
RIBL, SIADL, , https://catmaid.nemanode.org/?pid=130&zp=6700.0&yp=18826.0&xp=34922.8&tool=tracingtool&sid0=100&s0=0, 
RIBR, SIADR, , https://catmaid.nemanode.org/?pid=130&zp=6550.0&yp=19111.8&xp=16164.6&tool=tracingtool&sid0=100&s0=0, 
,,,,,,
RIB, SIB, 13, N2U
RIBR, SIBDR, , https://catmaid.nemanode.org/?pid=130&zp=16950.0&yp=33916.1&xp=26224.3&tool=tracingtool&sid0=100&s0=0, 
RIBL, SIBVL, , https://catmaid.nemanode.org/?pid=130&zp=7650.0&yp=15874.2&xp=33439.4&tool=tracingtool&sid0=100&s0=0, 
RIBL, SIBVR, , https://catmaid.nemanode.org/?pid=130&zp=7500.0&yp=15477.8&xp=33153.4&tool=tracingtool&sid0=100&s0=0, 
RIBL, SIBDL, , https://catmaid.nemanode.org/?pid=130&zp=15900.0&yp=33775.9&xp=28536.4&tool=tracingtool&sid0=100&s0=0, 
RIBR, SIBVL, , https://catmaid.nemanode.org/?pid=130&zp=7450.0&yp=14876.7&xp=18113.4&tool=tracingtool&sid0=100&s0=0, 
RIBR, SIBVR, , https://catmaid.nemanode.org/?pid=130&zp=7450.0&yp=15207.9&xp=17660.2&tool=tracingtool&sid0=100&s0=0, 
RIBL, SIBVL, , https://catmaid.nemanode.org/?pid=130&zp=7150.0&yp=16811.7&xp=34280.9&tool=tracingtool&sid0=100&s0=0, 
RIBL, SIBDL, , https://catmaid.nemanode.org/?pid=130&zp=7300.0&yp=16779.8&xp=34286.2&tool=tracingtool&sid0=100&s0=0, 
RIBR, SIBDR, , https://catmaid.nemanode.org/?pid=130&zp=7350.0&yp=16371.8&xp=16602.4&tool=tracingtool&sid0=100&s0=0, 
RIBR, SIBVR, , https://catmaid.nemanode.org/?pid=130&zp=6950.0&yp=16912.7&xp=16291.8&tool=tracingtool&sid0=100&s0=0, 
RIBR, SIBVL, , https://catmaid.nemanode.org/?pid=130&zp=6950.0&yp=16520.4&xp=16498.6&tool=tracingtool&sid0=100&s0=0, 
RIBL, SIBDL, , https://catmaid.nemanode.org/?pid=130&zp=7000.0&yp=18859.8&xp=35282.8&tool=tracingtool&sid0=100&s0=0, 
RIBR, SIBDR, , https://catmaid.nemanode.org/?pid=130&zp=7400.0&yp=16252.2&xp=16661.2&tool=tracingtool&sid0=100&s0=0, 
,,,,,,
RIB, SMD, 3, N2U
RIBL, SMDVL, , https://catmaid.nemanode.org/?pid=130&zp=7700.0&yp=16468.9&xp=33906.1&tool=tracingtool&sid0=100&s0=0, 
RIBR, SMDVL, , https://catmaid.nemanode.org/?pid=130&zp=7600.0&yp=28653.2&xp=25648.2&tool=tracingtool&sid0=100&s0=0, 
RIBL, SMDDL, , https://catmaid.nemanode.org/?pid=130&zp=7100.0&yp=28366.1&xp=27809.6&tool=tracingtool&sid0=100&s0=0, 
,,,,,,
RIG, RIG, 3, N2U
RIGL, RIGR, , https://catmaid.nemanode.org/?pid=130&zp=7000.0&yp=11268.9&xp=25243.2&tool=tracingtool&sid0=100&s0=0, 
RIGL, RIGR, , https://catmaid.nemanode.org/?pid=130&zp=12150.0&yp=30736.1&xp=26962.4&tool=tracingtool&sid0=100&s0=0, 
RIGL, RIGR, , https://catmaid.nemanode.org/?pid=130&zp=12500.0&yp=30842.1&xp=26867.1&tool=tracingtool&sid0=100&s0=0, 
,,,,,,
RIG, URY, 8, N2U
RIGL, URYDL, , https://catmaid.nemanode.org/?pid=130&zp=6300.0&yp=14008.8&xp=31700.2&tool=tracingtool&sid0=100&s0=0, 
RIGR, URYVR, , https://catmaid.nemanode.org/?pid=130&zp=7850.0&yp=25759.1&xp=19186.6&tool=tracingtool&sid0=100&s0=0, 
RIGL, URYVL, , https://catmaid.nemanode.org/?pid=130&zp=7050.0&yp=28188.1&xp=31247.6&tool=tracingtool&sid0=100&s0=0, 
RIGR, URYDR, , https://catmaid.nemanode.org/?pid=130&zp=6600.0&yp=13311.0&xp=19705.6&tool=tracingtool&sid0=100&s0=0, 
RIGL, URYVL, , https://catmaid.nemanode.org/?pid=130&zp=7900.0&yp=25529.8&xp=33443.8&tool=tracingtool&sid0=100&s0=0, 
RIGR, URYVR, , https://catmaid.nemanode.org/?pid=130&zp=7650.0&yp=28614.7&xp=22748.1&tool=tracingtool&sid0=100&s0=0, 
RIGR, URYVR, , https://catmaid.nemanode.org/?pid=130&zp=8050.0&yp=26441.7&xp=19795.9&tool=tracingtool&sid0=100&s0=0, 
RIGR, URYDR, , https://catmaid.nemanode.org/?pid=130&zp=6950.0&yp=13055.5&xp=19824.9&tool=tracingtool&sid0=100&s0=0, 
,,,,,,
RIM, RIS, 2, N2U
RIML, RIS, , https://catmaid.nemanode.org/?pid=130&zp=17850.0&yp=33691.3&xp=26751.5&tool=tracingtool&sid0=100&s0=0, 
RIML, RIS, , https://catmaid.nemanode.org/?pid=130&zp=17650.0&yp=33543.8&xp=26882.8&tool=tracingtool&sid0=100&s0=0, 
,,,,,,
RIP, RME, 1, N2U
RIPR, RMEV, , https://catmaid.nemanode.org/?pid=130&zp=1750.0&yp=15148.2&xp=21295.8&tool=tracingtool&sid0=100&s0=0, 
,,,,,,
RIS, SMD, 1, N2U
RIS, SMDVL, , https://catmaid.nemanode.org/?pid=130&zp=7950.0&yp=28840.8&xp=27282.4&tool=tracingtool&sid0=100&s0=0, 
,,,,,,
RIV, RIV, 1, N2U
RIVL, RIVR, , https://catmaid.nemanode.org/?pid=130&zp=13150.0&yp=27863.4&xp=26822.0&tool=tracingtool&sid0=100&s0=0, 
,,,,,,
RIV, SMD, 4, N2U
RIVL, SMDVL, , https://catmaid.nemanode.org/?pid=130&zp=10500.0&yp=17173.8&xp=34677.9&tool=tracingtool&sid0=100&s0=0, 
RIVL, SMDVL, , https://catmaid.nemanode.org/?pid=130&zp=13150.0&yp=28165.6&xp=25547.3&tool=tracingtool&sid0=100&s0=0, 
RIVR, SMDVR, , https://catmaid.nemanode.org/?pid=130&zp=10800.0&yp=28048.4&xp=27044.6&tool=tracingtool&sid0=100&s0=0, 
RIVR, SMDVR, , https://catmaid.nemanode.org/?pid=130&zp=8850.0&yp=16740.4&xp=16086.0&tool=tracingtool&sid0=100&s0=0, 
,,,,,,
RMD, RMD, 13, N2U
RMDDL, RMDVR, , https://catmaid.nemanode.org/?pid=130&zp=3200.0&yp=16223.8&xp=19616.0&tool=tracingtool&sid0=100&s0=0, 
RMDDL, RMDL, , https://catmaid.nemanode.org/?pid=130&zp=6250.0&yp=19084.3&xp=18309.9&tool=tracingtool&sid0=100&s0=0, 
RMDDL, RMDVL, , https://catmaid.nemanode.org/?pid=130&zp=5250.0&yp=18861.1&xp=18248.4&tool=tracingtool&sid0=100&s0=0, 
RMDDL, RMDDR, , https://catmaid.nemanode.org/?pid=130&zp=5250.0&yp=19104.1&xp=32672.2&tool=tracingtool&sid0=100&s0=0, 
RMDDR, RMDR, , https://catmaid.nemanode.org/?pid=130&zp=6600.0&yp=19230.2&xp=32373.4&tool=tracingtool&sid0=100&s0=0, 
RMDDR, RMDVR, , https://catmaid.nemanode.org/?pid=130&zp=5550.0&yp=19184.0&xp=32551.5&tool=tracingtool&sid0=100&s0=0, 
RMDDR, RMDR, , https://catmaid.nemanode.org/?pid=130&zp=4950.0&yp=18890.9&xp=32802.8&tool=tracingtool&sid0=100&s0=0, 
RMDDR, RMDDR, , https://catmaid.nemanode.org/?pid=130&zp=3500.0&yp=18127.8&xp=31816.9&tool=tracingtool&sid0=100&s0=0, 
RMDL, RMDVL, , https://catmaid.nemanode.org/?pid=130&zp=9400.0&yp=27284.4&xp=24475.8&tool=tracingtool&sid0=100&s0=0, 
RMDDR, RMDL, , https://catmaid.nemanode.org/?pid=130&zp=5200.0&yp=18737.2&xp=17989.2&tool=tracingtool&sid0=100&s0=0, 
RMDR, RMDVR, , https://catmaid.nemanode.org/?pid=130&zp=5100.0&yp=23815.7&xp=31946.2&tool=tracingtool&sid0=100&s0=0, 
RMDDL, RMDVR, , https://catmaid.nemanode.org/?pid=130&zp=6300.0&yp=27054.8&xp=28988.8&tool=tracingtool&sid0=100&s0=0, 
RMDDR, RMDVL, , https://catmaid.nemanode.org/?pid=130&zp=7900.0&yp=27238.9&xp=24964.7&tool=tracingtool&sid0=100&s0=0, 
,,,,,,
RMD, SAA, 6, N2U
RMDVL, SAAVL, , https://catmaid.nemanode.org/?pid=130&zp=13450.0&yp=28800.2&xp=25107.4&tool=tracingtool&sid0=100&s0=0, 
RMDVR, SAAVR, , https://catmaid.nemanode.org/?pid=130&zp=11700.0&yp=28370.9&xp=28038.3&tool=tracingtool&sid0=100&s0=0, 
RMDDL, SAADL, , https://catmaid.nemanode.org/?pid=130&zp=8050.0&yp=18220.3&xp=17920.4&tool=tracingtool&sid0=100&s0=0, 
RMDDR, SAADR, , https://catmaid.nemanode.org/?pid=130&zp=8700.0&yp=18149.8&xp=32492.2&tool=tracingtool&sid0=100&s0=0, 
RMDDL, SAADL, , https://catmaid.nemanode.org/?pid=130&zp=9650.0&yp=17271.1&xp=18068.2&tool=tracingtool&sid0=100&s0=0, 
RMDVR, SAAVR, , https://catmaid.nemanode.org/?pid=130&zp=12700.0&yp=28268.9&xp=28035.7&tool=tracingtool&sid0=100&s0=0, 
,,,,,,
RMD, SMD, 13, N2U
RMDVR, SMDVR, , https://catmaid.nemanode.org/?pid=130&zp=12550.0&yp=28239.7&xp=28249.7&tool=tracingtool&sid0=100&s0=0, 
RMDDL, SMDDL, , https://catmaid.nemanode.org/?pid=130&zp=7900.0&yp=18003.1&xp=17883.3&tool=tracingtool&sid0=100&s0=0, 
RMDDR, SMDDR, , https://catmaid.nemanode.org/?pid=130&zp=8650.0&yp=17892.9&xp=32589.8&tool=tracingtool&sid0=100&s0=0, 
RMDL, SMDVL, , https://catmaid.nemanode.org/?pid=130&zp=5700.0&yp=26262.7&xp=21767.8&tool=tracingtool&sid0=100&s0=0, 
RMDDL, SMDDL, , https://catmaid.nemanode.org/?pid=130&zp=9400.0&yp=17165.1&xp=17983.4&tool=tracingtool&sid0=100&s0=0, 
RMDDL, SMDDL, , https://catmaid.nemanode.org/?pid=130&zp=9000.0&yp=17440.7&xp=18110.7&tool=tracingtool&sid0=100&s0=0, 
RMDDR, SMDDR, , https://catmaid.nemanode.org/?pid=130&zp=9050.0&yp=17677.2&xp=32728.6&tool=tracingtool&sid0=100&s0=0, 
RMDL, SMDDL, , https://catmaid.nemanode.org/?pid=130&zp=5100.0&yp=14903.8&xp=19716.4&tool=tracingtool&sid0=100&s0=0, 
RMDVL, SMDVL, , https://catmaid.nemanode.org/?pid=130&zp=13700.0&yp=28486.2&xp=24948.4&tool=tracingtool&sid0=100&s0=0, 
RMDDR, SMDVL, , https://catmaid.nemanode.org/?pid=130&zp=10700.0&yp=28401.1&xp=26111.2&tool=tracingtool&sid0=100&s0=0, 
RMDDL, SMDDL, , https://catmaid.nemanode.org/?pid=130&zp=11350.0&yp=28207.7&xp=27391.2&tool=tracingtool&sid0=100&s0=0, 
RMDR, SMDVR, , https://catmaid.nemanode.org/?pid=130&zp=5200.0&yp=25707.1&xp=32469.9&tool=tracingtool&sid0=100&s0=0, 
RMDDL, SMDVR, , https://catmaid.nemanode.org/?pid=130&zp=10550.0&yp=28066.7&xp=27218.6&tool=tracingtool&sid0=100&s0=0, 
,,,,,,
RME, RME, 3, N2U
RMER, RMEV, , https://catmaid.nemanode.org/?pid=130&zp=2100.0&yp=15477.0&xp=29110.9&tool=tracingtool&sid0=100&s0=0, 
RMED, RMEL, , https://catmaid.nemanode.org/?pid=130&zp=4150.0&yp=25562.8&xp=23980.5&tool=tracingtool&sid0=100&s0=0, 
RMEL, RMEV, , https://catmaid.nemanode.org/?pid=130&zp=1700.0&yp=15166.8&xp=21780.9&tool=tracingtool&sid0=100&s0=0, 
,,,,,,
RMG, RMH, 2, N2U
RMGL, RMHL, , https://catmaid.nemanode.org/?pid=130&zp=7100.0&yp=25384.6&xp=32033.2&tool=tracingtool&sid0=100&s0=0, 
RMGL, RMHL, , https://catmaid.nemanode.org/?pid=130&zp=6250.0&yp=24197.7&xp=32796.9&tool=tracingtool&sid0=100&s0=0, 
,,,,,,
RMG, URX, 7, N2U
RMGL, URXL, , https://catmaid.nemanode.org/?pid=130&zp=8050.0&yp=18168.0&xp=33056.1&tool=tracingtool&sid0=100&s0=0, 
RMGL, URXL, , https://catmaid.nemanode.org/?pid=130&zp=8500.0&yp=19874.3&xp=33641.8&tool=tracingtool&sid0=100&s0=0, 
RMGR, URXR, , https://catmaid.nemanode.org/?pid=130&zp=7200.0&yp=16980.1&xp=18249.7&tool=tracingtool&sid0=100&s0=0, 
RMGR, URXR, , https://catmaid.nemanode.org/?pid=130&zp=7150.0&yp=17411.4&xp=18134.6&tool=tracingtool&sid0=100&s0=0, 
RMGR, URXR, , https://catmaid.nemanode.org/?pid=130&zp=8150.0&yp=17251.7&xp=18127.8&tool=tracingtool&sid0=100&s0=0, 
RMGL, URXL, , https://catmaid.nemanode.org/?pid=130&zp=7000.0&yp=19001.6&xp=33642.4&tool=tracingtool&sid0=100&s0=0, 
RMGR, URXR, , https://catmaid.nemanode.org/?pid=130&zp=8800.0&yp=21047.2&xp=18299.2&tool=tracingtool&sid0=100&s0=0, 
,,,,,,
SAA, SMB, 12, N2U
SAADR, SMBDR, , https://catmaid.nemanode.org/?pid=130&zp=9550.0&yp=17530.8&xp=32542.4&tool=tracingtool&sid0=100&s0=0, 
SAADL, SMBVR, , https://catmaid.nemanode.org/?pid=130&zp=7750.0&yp=18610.5&xp=17705.7&tool=tracingtool&sid0=100&s0=0, 
SAADL, SMBDL, , https://catmaid.nemanode.org/?pid=130&zp=9600.0&yp=17488.3&xp=17956.9&tool=tracingtool&sid0=100&s0=0, 
SAAVR, SMBVL, , https://catmaid.nemanode.org/?pid=130&zp=16150.0&yp=29623.1&xp=28324.6&tool=tracingtool&sid0=100&s0=0, 
SAADL, SMBDL, , https://catmaid.nemanode.org/?pid=130&zp=11000.0&yp=15481.5&xp=16390.3&tool=tracingtool&sid0=100&s0=0, 
SAADR, SMBDR, , https://catmaid.nemanode.org/?pid=130&zp=11650.0&yp=16292.7&xp=34031.9&tool=tracingtool&sid0=100&s0=0, 
SAAVL, SMBVR, , https://catmaid.nemanode.org/?pid=130&zp=19100.0&yp=33518.6&xp=24762.9&tool=tracingtool&sid0=100&s0=0, 
SAAVL, SMBVR, , https://catmaid.nemanode.org/?pid=130&zp=16950.0&yp=30115.9&xp=24879.6&tool=tracingtool&sid0=100&s0=0, 
SAADL, SMBDL, , https://catmaid.nemanode.org/?pid=130&zp=11900.0&yp=14774.7&xp=15450.2&tool=tracingtool&sid0=100&s0=0, 
SAAVR, SMBVL, , https://catmaid.nemanode.org/?pid=130&zp=15000.0&yp=28999.3&xp=28445.6&tool=tracingtool&sid0=100&s0=0, 
SAADL, SMBDL, , https://catmaid.nemanode.org/?pid=130&zp=13700.0&yp=13298.0&xp=13758.8&tool=tracingtool&sid0=100&s0=0, 
SAADL, SMBDL, , https://catmaid.nemanode.org/?pid=130&zp=12600.0&yp=14313.5&xp=14798.2&tool=tracingtool&sid0=100&s0=0, 
,,,,,,
SDQ, SDQ, 2, N2U
SDQL, SDQR, , https://catmaid.nemanode.org/?pid=130&zp=11600.0&yp=28267.2&xp=29114.8&tool=tracingtool&sid0=100&s0=0, 
SDQL, SDQL, , https://catmaid.nemanode.org/?pid=130&zp=11500.0&yp=28460.2&xp=28936.3&tool=tracingtool&sid0=100&s0=0, 
,,,,,,
SIB, SIB, 5, N2U
SIBDR, SIBVR, , https://catmaid.nemanode.org/?pid=130&zp=15650.0&yp=32054.4&xp=26246.9&tool=tracingtool&sid0=100&s0=0, 
SIBDL, SIBVL, , https://catmaid.nemanode.org/?pid=130&zp=13550.0&yp=31260.8&xp=28107.2&tool=tracingtool&sid0=100&s0=0, 
SIBDR, SIBVR, , https://catmaid.nemanode.org/?pid=130&zp=14350.0&yp=31499.2&xp=25897.2&tool=tracingtool&sid0=100&s0=0, 
SIBDR, SIBVR, , https://catmaid.nemanode.org/?pid=130&zp=8800.0&yp=27489.4&xp=22163.9&tool=tracingtool&sid0=100&s0=0, 
SIBDL, SIBVL, , https://catmaid.nemanode.org/?pid=130&zp=8550.0&yp=27124.2&xp=30950.7&tool=tracingtool&sid0=100&s0=0, 
,,,,,,
SIB, SMB, 7, JSH
SIBVR, SMBDR, , https://catmaid.nemanode.org/?pid=130&zp=16300.0&yp=31966.1&xp=26430.7&tool=tracingtool&sid0=100&s0=0, 
SIBDL, SMBVL, , https://catmaid.nemanode.org/?pid=130&zp=6500.0&yp=22089.3&xp=32902.4&tool=tracingtool&sid0=100&s0=0, 
SIBDL, SMBVL, , https://catmaid.nemanode.org/?pid=130&zp=13900.0&yp=31610.6&xp=27828.9&tool=tracingtool&sid0=100&s0=0, 
SIBVR, SMBDR, , https://catmaid.nemanode.org/?pid=130&zp=7350.0&yp=15869.0&xp=17140.8&tool=tracingtool&sid0=100&s0=0, 
SIBVL, SMBVL, , https://catmaid.nemanode.org/?pid=130&zp=20350.0&yp=29450.6&xp=29797.3&tool=tracingtool&sid0=100&s0=0, 
SIBVL, SMBDL, , https://catmaid.nemanode.org/?pid=130&zp=17250.0&yp=31281.9&xp=27518.9&tool=tracingtool&sid0=100&s0=0, 
SIBDL, SMBDL, , https://catmaid.nemanode.org/?pid=130&zp=7350.0&yp=25051.3&xp=32211.4&tool=tracingtool&sid0=100&s0=0, 
,,,,,,
SMD, SMD, 3, N2U
SMDDL, SMDDR, , https://catmaid.nemanode.org/?pid=130&zp=5600.0&yp=13298.0&xp=25806.2&tool=tracingtool&sid0=100&s0=0, 
SMDDR, SMDVL, , https://catmaid.nemanode.org/?pid=130&zp=12900.0&yp=28045.9&xp=25623.7&tool=tracingtool&sid0=100&s0=0, 
SMDVL, SMDVR, , https://catmaid.nemanode.org/?pid=130&zp=9400.0&yp=28295.1&xp=26376.2&tool=tracingtool&sid0=100&s0=0, 
,,,,,,
